event_id,customer_id,name,city,status,updated_at
1001,C101,Amit,Pune,ACTIVE,2026-09-20 10:00:00
1002,C102,Neha,Mumbai,ACTIVE,2026-09-20 11:30:00
1003,C101,Amit,Bangalore,ACTIVE,2026-09-21 09:00:00
1004,C103,Rahul,Delhi,ACTIVE,2026-09-21 12:00:00
1005,C102,Neha,Mumbai,INACTIVE,2026-09-22 08:30:00
1006,C101,Amit,Hyderabad,ACTIVE,2026-09-22 14:00:00
1007,C103,Rahul,Delhi,INACTIVE,2026-09-22 15:00:00
1008,C104,Priya,Chennai,ACTIVE,invalid_timestamp
1009,C104,Priya,Chennai,ACTIVE,2026-09-22 16:00:00
1010,C102,Neha,Pune,ACTIVE,2026-09-22 08:30:00
1011,C105,Karan,Jaipur,ACTIVE,2026-09-23 10:00:00
1012,C105,Karan,Mumbai,ACTIVE,2026-09-23 10:00:00